tf,corr,nz,sum_a,sum_b,mean_a,mean_b,mean_ratio
ZNF613,0.7061775822307605,3086,55.88243970762645,76.84630095542582,0.0032440752181369125,0.0044610647251495305,0.7271975230146821
ZNF182,0.7895887361832963,2388,31.722525857741292,14.689121845681013,0.001841549161601143,0.0008527297019436324,2.1595930778577173
ZNF432,0.9125811492812875,7101,70.22779680360306,32.90873349968858,0.004076848763706203,0.0019104106292632404,2.1340170020297995
VEZF1,0.9186260332742676,6671,64.99152046851978,40.83145634218012,0.003772873590416799,0.0023703388100650247,1.5917022386826205
ZNF529,0.9257247054254669,6643,197.9452294982897,113.35506791312153,0.011491073348327512,0.006580463712592682,1.7462406678632174
ZNF180,0.9361888420370478,6660,168.01506437853664,80.09138546082802,0.009753573921893454,0.004649447664044353,2.097791958670902
ZNF548,0.939009069113404,6659,135.81371364583546,76.40438855563261,0.007884228122944124,0.004435410922769802,1.7775643024346033
ZNF283,0.9477259552414415,6919,126.02688531515048,76.33235321351776,0.007316085296363083,0.004431229142779389,1.651028430403902
ZNF267,0.9518310793941117,6343,160.1883230523212,107.07744760375834,0.009299217639168769,0.00621603666572381,1.4960043093770823
ZNF383,0.9537610888061578,5946,126.23419373692602,89.75936300974939,0.00732811991971009,0.005210690990929374,1.4063624061504851
IRF3,0.9550245507242481,6699,46.83728439829669,36.65887721852013,0.002718987832247573,0.002128113155608971,1.2776519073157648
THAP1,0.955710716669608,7025,61.2494099929646,54.06938824598394,0.0035556374081600257,0.0031388243495869,1.1327927313384014
ZNF519,0.9559928203597994,7274,141.99372561780532,91.048416136009,0.008242988831870737,0.005285522822245965,1.5595408645625832
ZNF467,0.9567728307907283,7564,184.32184271472673,103.18950582304298,0.010700211466081895,0.005990334716303436,1.786246006748162
ZNF571,0.9575968453831675,6109,99.43663105459999,69.334485060523,0.005772473647660512,0.004024990424969406,1.4341583552225192
ZNF770,0.9576625414936604,9052,129.9831839569038,93.83114043020858,0.007545755483391605,0.0054470649268668625,1.385288331367826
ZBTB17,0.9600575783245282,8100,91.26241521175811,74.23257613036522,0.005297945849980152,0.004309333340901267,1.2294119370380674
ZNF880,0.9641770427778219,7320,41.57463021607639,32.41074335157847,0.002413481377921537,0.0018815014136525292,1.282742261264786
ZNF304,0.9696516871780188,7605,107.98578974509967,76.26325285243341,0.006268767545866694,0.00442721774366849,1.4159609734199012
ZNF235,0.9713164341946762,2910,40.52449738150257,27.696365057272708,0.0023525192953385912,0.0016078233517515794,1.4631702498758536
ZNF287,0.9715375418028758,3183,23.85577638226949,17.44930960649058,0.0013848703345100133,0.0010129635206368617,1.367147292371723
ZNF341,0.9763180702271257,8338,127.9570652260696,87.87600737378345,0.00742813568013872,0.00510135883976451,1.4561092276507293
PATZ1,0.9778942772522567,7292,185.9697045824529,172.06463652094905,0.010795872784305868,0.00998865880186631,1.0808130499250546
MAZ,0.9821322408595257,7516,215.30102972206447,151.86816427343376,0.01249860848264626,0.008816217593952964,1.417683757172582
SP3,0.9822651429674658,7421,207.61113627160148,160.94407352444614,0.01205219646299788,0.009343090300966339,1.2899582552200468
ZNF792,0.9833102304851323,7035,51.40913941653561,38.71387159753666,0.002984392163969326,0.0022474092417007234,1.327925554720462
ZNF487,0.9834097859992372,3530,85.08265957547435,63.1730007500964,0.004939200021796955,0.0036673052798151863,1.3468199795043696
KLF6,0.9849297435784867,6808,412.28876215917774,304.87726230022554,0.023934097420131067,0.01769866842564876,1.352310628377329
SP2,0.9849717886341944,7274,187.57074062519524,153.65056929384141,0.010888815779937028,0.00891968938197152,1.2207617679989515
ZNF263,0.9891042834144455,8724,122.69228772100593,96.61478142125958,0.0071225059631374625,0.005608660247373713,1.2699121802702555
ZNF384,0.9898836279690879,4038,33.74004035971599,27.95507806293697,0.001958669474034366,0.0016228421028060473,1.206937797982713
KLF3,0.990729588715513,6880,316.5619000488104,274.3156064898273,0.01837698247119531,0.01592450983918654,1.1540061613685466
ZNF281,0.9917765433895976,8151,262.70321179705905,215.6093142528642,0.015250389631780974,0.012516504949080704,1.2184223706076243
EGR2,0.9921006607062431,7436,185.93924803670447,153.38624118996904,0.01079410472754583,0.008904344664458901,1.2122289886901818
SP4,0.9927989940089558,6473,347.66157325908154,324.9026661549574,0.020182373926569228,0.018861178808484695,1.070048385177823
KLF12,0.9930643111307538,6005,278.5449736317831,263.4982888340435,0.016170032139311685,0.015296545270756036,1.057103538942586
SP1,0.9935682742678704,9099,207.63251132592478,182.80265252175008,0.01205343732299575,0.010612019767894467,1.1358287664957183
KLF10,0.9941120027163171,6398,202.90475200311036,175.0001653418687,0.01177898246854234,0.010159071481589963,1.1594546302669435
EGR1,0.9945991354321367,7260,248.1216740033826,216.4156957620248,0.014403905375791396,0.012563316832812307,1.1465049849074826
KLF11,0.996183231154016,7044,159.35004403006445,139.773956739491,0.009250554047954513,0.008114127292435332,1.1400553275247056
CTCF,0.9991679314403404,7422,204.78214073929553,200.012478287899,0.011887968230540783,0.011611080824793858,1.0238468244192798
HINFP,0.9999999999999996,4799,75.14783480279947,75.14783480279947,0.004362465738000665,0.004362465738000665,1.0
HDX,0.9999999999999996,991,61.21917410246175,61.21917410246175,0.003553882160830242,0.003553882160830242,1.0
EBF1,0.9999999999999997,2666,197.78033212947975,197.78033212947972,0.011481500762189699,0.011481500762189697,1.0000000000000002
STAT5B,0.9999999999999997,1462,38.56594761541053,38.56594761541053,0.002238821990909702,0.002238821990909702,1.0
ZNF431,0.9999999999999997,3337,170.16541790351917,170.16541790351917,0.009878405776356621,0.009878405776356621,1.0
ZNF711,0.9999999999999997,2742,109.93308402562809,109.93308402562812,0.006381811449299204,0.006381811449299206,0.9999999999999998
ZBTB18,0.9999999999999997,4824,174.88456030532686,174.88456030532691,0.010152360403188601,0.010152360403188605,0.9999999999999997
ZNF662,0.9999999999999997,4487,135.70983165297713,135.70983165297713,0.007878197588121277,0.007878197588121277,1.0
ZNF660,0.9999999999999997,1346,36.6570082072821,36.6570082072821,0.0021280046561756704,0.0021280046561756704,1.0
ETV6,0.9999999999999997,5285,163.48695904477464,163.48695904477464,0.009490709337325823,0.009490709337325823,1.0
FBXL19,0.9999999999999997,201,5.867619961790789,5.867619961790789,0.00034062579599389227,0.00034062579599389227,1.0
ZNF416,0.9999999999999997,1949,40.35579137257895,40.35579137257895,0.002342725610854461,0.002342725610854461,1.0
ZNF793,0.9999999999999997,2422,92.3347815216073,92.3347815216073,0.005360198625427104,0.005360198625427104,1.0
ZNF791,0.9999999999999997,2721,62.219884640739316,62.219884640739316,0.003611975191033282,0.003611975191033282,1.0
PRDM4,0.9999999999999997,3655,52.970734222189705,52.970734222189705,0.0030750455254957452,0.0030750455254957452,1.0
ZNF605,0.9999999999999997,3482,60.71815746497968,60.71815746497968,0.0035247972521177105,0.0035247972521177105,1.0
UBP1,0.9999999999999997,1325,51.430368233468045,51.43036823346804,0.002985624534626033,0.0029856245346260328,1.0000000000000002
SOX4,0.9999999999999997,2747,99.60415160947692,99.60415160947693,0.005782198514424528,0.005782198514424529,0.9999999999999999
ZNF573,0.9999999999999997,2879,118.6506376144409,118.6506376144409,0.006887880971464118,0.006887880971464118,1.0
FLI1,0.9999999999999997,7369,232.57985776409265,232.57985776409265,0.013501675244635589,0.013501675244635589,1.0
LEF1,0.9999999999999997,3793,106.16268744549038,106.1626874454904,0.00616293320826021,0.006162933208260212,0.9999999999999998
ZFP82,0.9999999999999997,3800,106.88840510549815,106.88840510549817,0.0062050624117902095,0.00620506241179021,0.9999999999999999
TGIF2,0.9999999999999998,2327,82.3273897371998,82.3273897371998,0.004779251697271555,0.004779251697271555,1.0
NFIC,0.9999999999999998,6246,266.9413813403157,266.9413813403158,0.015496422926989183,0.01549642292698919,0.9999999999999996
NFKB2,0.9999999999999998,3806,155.24512431862436,155.24512431862436,0.009012256142959732,0.009012256142959732,1.0
ZNF708,0.9999999999999998,4060,75.91721088593599,75.91721088593599,0.004407129390800881,0.004407129390800881,1.0
LYL1,0.9999999999999998,3997,157.7067002688291,157.7067002688291,0.009155155013864455,0.009155155013864455,1.0
FOXK2,0.9999999999999998,1107,52.30763356905016,52.30763356905016,0.003036551350809832,0.003036551350809832,1.0
ZNF181,0.9999999999999998,3308,84.53075480353644,84.53075480353644,0.004907160966186952,0.004907160966186952,1.0
FOXN3,0.9999999999999998,139,5.867679284890456,5.867679284890456,0.000340629239805553,0.000340629239805553,1.0
ZNF580,0.9999999999999998,6509,54.18076724991056,54.180767249910566,0.003145290099263355,0.0031452900992633556,0.9999999999999999
TBX21,0.9999999999999998,5344,53.37020634278815,53.37020634278815,0.003098235594031589,0.003098235594031589,1.0
HES6,0.9999999999999998,1076,33.42263055327272,33.42263055327272,0.0019402432690858423,0.0019402432690858423,1.0
IRF9,0.9999999999999998,3010,69.60671608770863,69.60671608770862,0.004040793921264869,0.004040793921264868,1.0000000000000002
GATA1,0.9999999999999998,5435,776.2362334841969,776.2362334841969,0.04506189675398797,0.04506189675398797,1.0
ZNF594,0.9999999999999998,4165,105.37547201476158,105.37547201476158,0.0061172339495391605,0.0061172339495391605,1.0
ZNF248,0.9999999999999998,675,26.211886871035475,26.211886871035475,0.0015216467474187551,0.0015216467474187551,1.0
ZNF680,0.9999999999999998,3488,120.54216045881981,120.54216045881985,0.00699768724363287,0.0069976872436328715,0.9999999999999997
ZNF540,0.9999999999999998,404,18.523713158592074,18.523713158592074,0.0010753345616273118,0.0010753345616273118,1.0
NFATC1,0.9999999999999998,4940,144.27625040299924,144.2762504029993,0.008375493463543436,0.00837549346354344,0.9999999999999996
ZNF205,0.9999999999999998,1959,90.42550340130003,90.42550340130003,0.005249361627847442,0.005249361627847442,1.0
MXD1,0.9999999999999998,3054,168.31623865646563,168.31623865646563,0.009771057625476932,0.009771057625476932,1.0
ZBED1,0.9999999999999998,223,8.113350603863001,8.113350603863001,0.0004709944620842332,0.0004709944620842332,1.0
GTF3A,0.9999999999999998,3488,62.930068174360564,62.930068174360564,0.0036532026108417838,0.0036532026108417838,1.0
MYB,0.9999999999999998,4268,138.89558159573573,138.89558159573573,0.008063136049909192,0.008063136049909192,1.0
JRKL,0.9999999999999998,484,15.447329672797686,15.447329672797686,0.0008967450175779453,0.0008967450175779453,1.0
ZNF260,0.9999999999999998,5221,83.1349338143335,83.1349338143335,0.0048261310701459125,0.0048261310701459125,1.0
SMAD3,0.9999999999999998,4960,248.3508261359947,248.35082613599468,0.014417208065482103,0.014417208065482101,1.0000000000000002
NFYB,0.9999999999999998,2349,77.72315195934368,77.7231519593437,0.004511967488641802,0.004511967488641803,0.9999999999999998
ZNF425,0.9999999999999998,2762,60.406051685889,60.406051685889,0.0035066789554097874,0.0035066789554097874,1.0
PBX3,0.9999999999999998,4455,99.30870221962056,99.30870221962056,0.005765047150796503,0.005765047150796503,1.0
DPF1,0.9999999999999998,454,9.694571143801443,9.694571143801442,0.0005627871324626404,0.0005627871324626403,1.0000000000000002
ZNF284,0.9999999999999998,1447,37.20400683123259,37.20400683123259,0.002159758901151317,0.002159758901151317,1.0
CREBZF,0.9999999999999998,153,11.601863845503642,11.601863845503642,0.0006735088729538861,0.0006735088729538861,1.0
ZNF566,0.9999999999999998,5619,107.46896661375116,107.46896661375118,0.0062387650420150445,0.006238765042015045,0.9999999999999999
ZNF396,0.9999999999999998,1229,37.45153806818896,37.45153806818897,0.0021741285306042584,0.002174128530604259,0.9999999999999998
SPIB,0.9999999999999998,5844,432.83154446652554,432.83154446652543,0.025126642544207916,0.02512664254420791,1.0000000000000002
CIC,0.9999999999999998,1510,21.995195268864116,21.995195268864116,0.0012768602849683103,0.0012768602849683103,1.0
ZNF37A,0.9999999999999998,5466,118.842816939028,118.84281693902797,0.006899037323756414,0.0068990373237564125,1.0000000000000002
RARG,0.9999999999999998,6057,226.65512723643192,226.65512723643192,0.013157734078511084,0.013157734078511084,1.0
ZNF808,0.9999999999999998,1679,85.341769024371,85.341769024371,0.004954241787087601,0.004954241787087601,1.0
BATF,0.9999999999999998,2658,165.27655593569423,165.27655593569423,0.009594598626244876,0.009594598626244876,1.0
ZFP69,0.9999999999999998,2463,81.77221935158805,81.77221935158805,0.004747023066967842,0.004747023066967842,1.0
ZNF34,0.9999999999999998,4215,93.51972478535329,93.51972478535329,0.005428986693681254,0.005428986693681254,1.0
ZFY,0.9999999999999998,4663,139.74063124149725,139.74063124149723,0.008112192687884434,0.008112192687884432,1.0000000000000002
ZHX1,0.9999999999999998,272,9.210142112558145,9.210142112558145,0.0005346651638545307,0.0005346651638545307,1.0
ZNF329,0.9999999999999998,4304,136.68733005905054,136.6873300590505,0.007934943112681444,0.007934943112681442,1.0000000000000002
ARID5B,0.9999999999999998,1150,56.78502126999315,56.78502126999315,0.003296471686403875,0.003296471686403875,1.0
E2F7,0.9999999999999998,5338,204.51077395506817,204.5107739550682,0.011872214905089294,0.011872214905089296,0.9999999999999999
E2F8,0.9999999999999998,1796,69.17123020974735,69.17123020974734,0.004015513189930765,0.004015513189930764,1.0000000000000002
CREB5,0.9999999999999998,1695,74.81456982829442,74.8145698282944,0.004343119112289239,0.004343119112289237,1.0000000000000004
THRA,0.9999999999999998,3842,71.33391560135425,71.33391560135425,0.0041410609312292025,0.0041410609312292025,1.0
ZNF765,0.9999999999999998,5167,122.89558530148544,122.89558530148545,0.007134307749999155,0.007134307749999156,0.9999999999999999
ZNF737,0.9999999999999998,939,45.9909751987153,45.9909751987153,0.0026698580749283233,0.0026698580749283233,1.0
NR4A2,0.9999999999999998,3410,163.0812065809882,163.08120658098818,0.009467154683675155,0.009467154683675153,1.0000000000000002
NR5A2,0.9999999999999998,4218,48.516556972171465,48.516556972171465,0.0028164725979433103,0.0028164725979433103,1.0
ESRRA,0.9999999999999998,6213,139.87441648863464,139.87441648863467,0.00811995915991145,0.008119959159911452,0.9999999999999998
ZNF273,0.9999999999999998,4412,147.06220029412538,147.06220029412538,0.008537222819814547,0.008537222819814547,1.0
ELK1,0.9999999999999998,5059,39.33470758918188,39.334707589181875,0.0022834498774632465,0.002283449877463246,1.0000000000000002
NRF1,0.9999999999999998,3727,51.93021145755656,51.93021145755655,0.0030146413245998233,0.003014641324599823,1.0000000000000002
ELF2,0.9999999999999998,6209,278.27701357927526,278.27701357927526,0.01615447658070796,0.01615447658070796,1.0
NFYC,0.9999999999999999,1708,28.54299019302246,28.54299019302246,0.0016569714497284606,0.0016569714497284606,1.0
RARA,0.9999999999999999,6447,394.0934346860941,394.0934346860941,0.022877826232793108,0.022877826232793108,1.0
NR3C1,0.9999999999999999,2108,38.58301113851062,38.58301113851062,0.002239812558836098,0.002239812558836098,1.0
ZNF350,0.9999999999999999,1959,36.980852964811355,36.980852964811355,0.0021468044215030395,0.0021468044215030395,1.0
ZNF440,0.9999999999999999,1892,55.338124892936364,55.338124892936364,0.003212476773071889,0.003212476773071889,1.0
MBD2,0.9999999999999999,2770,127.40915577592138,127.40915577592138,0.007396328560079031,0.007396328560079031,1.0
ZNF225,0.9999999999999999,3650,22.44456055223425,22.44456055223425,0.0013029467405221323,0.0013029467405221323,1.0
SMAD5,0.9999999999999999,523,21.80622116846232,21.80622116846232,0.0012658900016522883,0.0012658900016522883,1.0
RELA,0.9999999999999999,3571,57.118745141169256,57.118745141169256,0.0033158449518848982,0.0033158449518848982,1.0
MAX,0.9999999999999999,4648,102.906675236807,102.90667523680703,0.005973915896714675,0.005973915896714677,0.9999999999999998
RXRA,0.9999999999999999,6743,194.94873202909912,194.94873202909915,0.011317121329914033,0.011317121329914033,0.9999999999999999
RUNX3,0.9999999999999999,4832,141.0848109666515,141.08481096665153,0.008190224716512916,0.008190224716512918,0.9999999999999998
MAFK,0.9999999999999999,2977,39.6681593421528,39.6681593421528,0.002302807345997492,0.002302807345997492,1.0
MAFF,0.9999999999999999,4053,68.71135038768077,68.71135038768074,0.003988816346666711,0.003988816346666709,1.0000000000000004
NR1H3,0.9999999999999999,3037,48.701822206553295,48.701822206553295,0.0028272275749769704,0.0028272275749769704,1.0
MEF2A,0.9999999999999999,3519,103.03793462798146,103.03793462798146,0.005981535738301489,0.005981535738301489,1.0
ZNF444,0.9999999999999999,6501,68.19413172084207,68.19413172084204,0.003958790881274937,0.003958790881274935,1.0000000000000004
MAF,0.9999999999999999,4556,135.29838431289394,135.29838431289394,0.007854312336752232,0.007854312336752232,1.0
ZNF320,0.9999999999999999,7991,159.7277731574203,159.72777315742033,0.009272481896982486,0.009272481896982487,0.9999999999999998
ZNF324B,0.9999999999999999,3024,49.857891846178724,49.857891846178724,0.002894339477892646,0.002894339477892646,1.0
SNAI1,0.9999999999999999,4739,128.99190875831536,128.99190875831536,0.007488210191473085,0.007488210191473085,1.0
ZNF449,0.9999999999999999,6565,101.47429090915176,101.4742909091517,0.005890763433713675,0.005890763433713671,1.0000000000000007
ZNF562,0.9999999999999999,1402,71.44785339106274,71.44785339106274,0.004147675222980538,0.004147675222980538,1.0
RUNX1,0.9999999999999999,6240,285.0514904071736,285.0514904071736,0.01654774703397037,0.01654774703397037,1.0
ZNF550,0.9999999999999999,2696,33.35616486729148,33.35616486729148,0.0019363848175601697,0.0019363848175601697,1.0
NFATC3,0.9999999999999999,2413,66.14411318872413,66.14411318872413,0.003839783651963551,0.003839783651963551,1.0
TFDP1,0.9999999999999999,4571,250.2474224894762,250.24742248947607,0.014527308863896216,0.014527308863896207,1.0000000000000007
ZNF430,0.9999999999999999,3236,103.832366394997,103.832366394997,0.006027653918204865,0.006027653918204865,1.0
TCFL5,0.9999999999999999,2516,17.84758305776324,17.84758305776324,0.0010360840042820875,0.0010360840042820875,1.0
ZNF433,0.9999999999999999,771,29.098098209470095,29.098098209470095,0.0016891964593910424,0.0016891964593910424,1.0
TEAD3,0.9999999999999999,1649,27.701777776809955,27.701777776809955,0.0016081375697672097,0.0016081375697672097,1.0
TEF,0.9999999999999999,1618,22.278288773928054,22.27828877392805,0.0012932943674636046,0.0012932943674636044,1.0000000000000002
TERF2,0.9999999999999999,588,6.9611031725046075,6.9611031725046075,0.0004041044451703592,0.0004041044451703592,1.0
NRL,0.9999999999999999,1912,36.58609755633195,36.58609755633195,0.002123888166511782,0.002123888166511782,1.0
ZNF484,0.9999999999999999,5075,59.97075611858499,59.97075611858495,0.003481409271948507,0.0034814092719485054,1.0000000000000007
ZNF417,0.9999999999999999,2988,84.65762193701715,84.65762193701717,0.004914525829386808,0.004914525829386809,0.9999999999999998
ZNF30,0.9999999999999999,7123,47.38129097016857,47.38129097016858,0.0027505683832676517,0.002750568383267652,0.9999999999999999
ZNF257,0.9999999999999999,3700,109.42214712968232,109.42214712968236,0.0063521506519030714,0.006352150651903074,0.9999999999999996
MYNN,0.9999999999999999,1092,61.92516981058851,61.92516981058851,0.003594866469905289,0.003594866469905289,1.0
POGK,0.9999999999999999,357,16.566497516303084,16.566497516303084,0.0009617147054628518,0.0009617147054628518,1.0
ZNF100,0.9999999999999999,4789,55.00433058660922,55.004330586609186,0.0031930994187048195,0.0031930994187048174,1.0000000000000007
ZSCAN31,0.9999999999999999,6016,182.16310090209353,182.16310090209356,0.010574892656571086,0.010574892656571088,0.9999999999999999
ZNF398,0.9999999999999999,7224,53.1272335096616,53.127233509661586,0.003084130588044909,0.003084130588044908,1.0000000000000002
TFAP2E,0.9999999999999999,5388,195.15172632527785,195.15172632527785,0.011328905510581555,0.011328905510581555,1.0
ZNF266,0.9999999999999999,2341,65.58588188310299,65.58588188310299,0.003807377329798153,0.003807377329798153,1.0
MTF1,0.9999999999999999,2587,75.72369983815817,75.72369983815817,0.004395895729603981,0.004395895729603981,1.0
POU4F1,0.9999999999999999,523,10.333298560254722,10.333298560254722,0.0005998663973211843,0.0005998663973211843,1.0
ZNF250,0.9999999999999999,5256,130.3637748096104,130.3637748096104,0.007567849460676326,0.007567849460676326,1.0
MLXIP,0.9999999999999999,915,18.60699891161349,18.60699891161349,0.0010801694480212175,0.0010801694480212175,1.0
SPI1,0.9999999999999999,6736,380.0201863215499,380.0201863215498,0.02206084908403285,0.022060849084032844,1.0000000000000002
NR4A1,0.9999999999999999,2913,121.84011460409543,121.84011460409539,0.0070730357949666455,0.007073035794966643,1.0000000000000004
PPARD,0.9999999999999999,2906,103.17770340344838,103.17770340344838,0.005989649564811818,0.005989649564811818,1.0
MITF,0.9999999999999999,2470,65.67774749444823,65.67774749444821,0.003812710292258692,0.003812710292258691,1.0000000000000002
ZNF543,0.9999999999999999,8458,147.06526080320955,147.06526080320955,0.00853740048782129,0.00853740048782129,1.0
TCF12,0.9999999999999999,4649,217.76790155329695,217.76790155329698,0.012641814788882906,0.012641814788882908,0.9999999999999999
ZNF382,0.9999999999999999,3412,100.60669477619047,100.60669477619047,0.005840397931974368,0.005840397931974368,1.0
ZNF587,0.9999999999999999,3098,48.99794734407942,48.99794734407942,0.002844418166961536,0.002844418166961536,1.0
KLF7,0.9999999999999999,5195,258.4308120406587,258.4308120406586,0.015002369211695035,0.015002369211695033,1.0000000000000002
ZNF135,0.9999999999999999,2623,100.96043962324357,100.96043962324357,0.005860933450786228,0.005860933450786228,1.0
BCL6,0.9999999999999999,2889,154.13053623890252,154.13053623890255,0.00894755231852447,0.008947552318524472,0.9999999999999998
BCL11B,0.9999999999999999,3280,65.22678073158391,65.2267807315839,0.003786530867966093,0.003786530867966092,1.0000000000000002
ZBTB44,0.9999999999999999,1043,50.413122016927254,50.413122016927254,0.0029265715788300973,0.0029265715788300973,1.0
ZNF736,0.9999999999999999,1635,108.13388534170434,108.13388534170434,0.006277364759184044,0.006277364759184044,1.0
KLF8,0.9999999999999999,2182,89.4028567443952,89.4028567443952,0.0051899951668637635,0.0051899951668637635,1.0
ZFP64,0.9999999999999999,4642,143.2554605003987,143.2554605003987,0.008316234790456211,0.008316234790456211,1.0
ZNF175,0.9999999999999999,868,47.008159888322965,47.008159888322965,0.002728907458976139,0.002728907458976139,1.0
ETS1,0.9999999999999999,4835,193.6247811130996,193.62478111309963,0.011240263619708557,0.011240263619708559,0.9999999999999999
BHLHE41,0.9999999999999999,1214,13.531536665126586,13.531536665126586,0.000785529819176047,0.000785529819176047,1.0
BBX,0.9999999999999999,443,29.59725255279302,29.597252552793016,0.0017181732586086741,0.001718173258608674,1.0000000000000002
ETV3,0.9999999999999999,3113,94.08451821179577,94.08451821179577,0.0054617739586552755,0.0054617739586552755,1.0
ZBTB33,0.9999999999999999,1937,22.783267924710934,22.783267924710938,0.0013226093071351988,0.001322609307135199,0.9999999999999999
ZNF18,0.9999999999999999,4256,73.85711170693209,73.85711170693212,0.004287536961972141,0.0042875369619721415,0.9999999999999997
ZNF707,0.9999999999999999,3983,94.36181837571257,94.36181837571257,0.005477871727372146,0.005477871727372146,1.0
ZBTB26,0.9999999999999999,5046,15.803952628004682,15.803952628004685,0.0009174476156974737,0.0009174476156974739,0.9999999999999998
FOXK1,0.9999999999999999,3606,134.80474368676673,134.80474368676673,0.007825655618644302,0.007825655618644302,1.0
ZNF7,0.9999999999999999,1917,58.58648579562356,58.58648579562356,0.0034010499126682667,0.0034010499126682667,1.0
FOXO1,0.9999999999999999,3733,184.5304908710773,184.5304908710773,0.010712323863408644,0.010712323863408644,1.0
FOXO3,0.9999999999999999,5810,207.22045428660786,207.22045428660786,0.012029516677499585,0.012029516677499585,1.0
ETV1,0.9999999999999999,6029,102.0385979746999,102.03859797469994,0.0059235224645709916,0.005923522464570994,0.9999999999999996
EOMES,0.9999999999999999,2885,30.91375315071427,30.913753150714278,0.0017945984645718258,0.0017945984645718262,0.9999999999999998
ZNF154,0.9999999999999999,595,22.624252868269796,22.624252868269796,0.0013133781997137928,0.0013133781997137928,1.0
ZFP3,0.9999999999999999,2336,27.836067194135847,27.836067194135847,0.001615933309772196,0.001615933309772196,1.0
ZNF784,0.9999999999999999,1982,19.015798419688302,19.015798419688295,0.0011039009880232382,0.0011039009880232378,1.0000000000000004
ZFHX3,0.9999999999999999,408,28.161048926467316,28.161048926467316,0.001634799078513138,0.001634799078513138,1.0
CREB3L4,0.9999999999999999,3148,52.07809392187662,52.078093921876615,0.00302322616520821,0.0030232261652082095,1.0000000000000002
CREBL2,0.9999999999999999,424,5.504774328855182,5.504774328855182,0.00031956196034222577,0.00031956196034222577,1.0
ZNF782,0.9999999999999999,1434,51.60650603662293,51.60650603662293,0.002995849648010155,0.002995849648010155,1.0
ZNF787,0.9999999999999999,5710,212.942467468684,212.942467468684,0.012361689740432136,0.012361689740432136,1.0
ZFP14,0.9999999999999999,3687,83.92516057043879,83.92516057043876,0.004872005141671821,0.00487200514167182,1.0000000000000004
ZNF778,0.9999999999999999,3892,125.07841466633114,125.07841466633114,0.007261024884844487,0.007261024884844487,1.0
ZNF777,0.9999999999999999,1354,55.52304960875781,55.52304960875781,0.0032232119823962504,0.0032232119823962504,1.0
ZNF79,0.9999999999999999,1402,54.409839496001155,54.409839496001155,0.003158588151399115,0.003158588151399115,1.0
DBP,0.9999999999999999,2471,35.55462843443234,35.55462843443233,0.0020640095457118506,0.00206400954571185,1.0000000000000002
ZNF771,0.9999999999999999,1588,34.188940013176044,34.188940013176044,0.001984728898942067,0.001984728898942067,1.0
E2F1,0.9999999999999999,6445,197.88653003828668,197.88653003828674,0.011487665740060762,0.011487665740060765,0.9999999999999997
ZNF77,0.9999999999999999,1375,12.170618591403375,12.170618591403375,0.0007065260995822231,0.0007065260995822231,1.0
ZNF768,0.9999999999999999,5834,117.40299124156599,117.40299124156597,0.006815452875976198,0.0068154528759761974,1.0000000000000002
E2F5,0.9999999999999999,625,35.42233782947052,35.42233782947052,0.002056329840326862,0.002056329840326862,1.0
ZBTB7C,0.9999999999999999,2103,41.872259297017585,41.872259297017585,0.0024307592765016595,0.0024307592765016595,1.0
ZNF143,0.9999999999999999,5991,105.0398998005246,105.0398998005246,0.006097753384449355,0.006097753384449355,1.0
ELF3,0.9999999999999999,6493,268.6276547213766,268.62765472137653,0.015594314102018843,0.01559431410201884,1.0000000000000002
CEBPD,0.9999999999999999,3140,177.04934917413775,177.04934917413775,0.010278030255087528,0.010278030255087528,1.0
ELK3,0.9999999999999999,3497,74.2005892275094,74.20058922750945,0.004307476444183757,0.00430747644418376,0.9999999999999992
ZNF81,0.9999999999999999,1214,33.14905635723542,33.14905635723542,0.0019243617994447592,0.0019243617994447592,1.0
ZNF785,0.9999999999999999,2811,10.962533278908138,10.962533278908136,0.000636394594154658,0.0006363945941546579,1.0000000000000002
ZNF69,0.9999999999999999,3131,125.0153371355978,125.01533713559785,0.007257363121769291,0.007257363121769294,0.9999999999999997
GABPA,0.9999999999999999,4508,93.60070727627989,93.60070727627988,0.0054336878716057056,0.0054336878716057056,1.0000000000000002
FOXP4,0.9999999999999999,1212,49.89732398625186,49.89732398625186,0.002896628583899446,0.002896628583899446,1.0
TOPORS,0.9999999999999999,1971,97.98440476120874,97.98440476120874,0.005688169323186389,0.005688169323186389,1.0
IKZF1,0.9999999999999999,3151,79.90657899149033,79.90657899149033,0.004638719319139111,0.004638719319139111,1.0
ARNT2,0.9999999999999999,1253,35.77053670841676,35.77053670841676,0.0020765434058061514,0.0020765434058061514,1.0
IKZF3,0.9999999999999999,2037,71.99270490170933,71.99270490170933,0.00417930482420233,0.00417930482420233,1.0
IRF1,0.9999999999999999,5629,215.48820191701708,215.48820191701694,0.012509474162139619,0.01250947416213961,1.0000000000000007
ZNF93,0.9999999999999999,6049,71.00278194104659,71.00278194104658,0.00412183803210534,0.004121838032105339,1.0000000000000002
ZNF121,0.9999999999999999,6325,186.0382400606208,186.03824006062075,0.01079985139095674,0.010799851390956737,1.0000000000000002
SALL4,0.9999999999999999,7399,149.8629629247596,149.8629629247596,0.008699812082013212,0.008699812082013212,1.0
ZNF586,0.9999999999999999,4879,185.40358985416697,185.40358985416694,0.010763008815405026,0.010763008815405024,1.0000000000000002
ZNF585A,0.9999999999999999,1542,48.43160892304092,48.43160892304092,0.002811541212297743,0.002811541212297743,1.0
JDP2,0.9999999999999999,4023,197.21731601629858,197.21731601629855,0.011448816673418006,0.011448816673418004,1.0000000000000002
ZSCAN22,0.9999999999999999,8280,146.63592809721558,146.63592809721555,0.008512476959086008,0.008512476959086007,1.0000000000000002
ZNF582,0.9999999999999999,5478,89.4124863152898,89.4124863152898,0.005190554180615918,0.005190554180615918,1.0
KDM2A,0.9999999999999999,126,14.185529159863531,14.185529159863531,0.0008234952490342233,0.0008234952490342233,1.0
KLF16,0.9999999999999999,7721,152.61227439022562,152.6122743902256,0.008859414512378127,0.008859414512378126,1.0000000000000002
KLF2,0.9999999999999999,5223,221.14732460417557,221.1473246041755,0.012837996319759409,0.012837996319759406,1.0000000000000002
ZNF224,0.9999999999999999,3512,58.23109766631851,58.23109766631851,0.00338041899839304,0.00338041899839304,1.0
KLF5,0.9999999999999999,6995,229.60028558111708,229.60028558111708,0.013328705769250963,0.013328705769250963,1.0
ZNF610,0.9999999999999999,3813,46.35838111754649,46.35838111754649,0.0026911866433035232,0.0026911866433035232,1.0
ZNF212,0.9999999999999999,3756,7.890795063857271,7.890795063857269,0.00045807471635070656,0.0004580747163507064,1.0000000000000004
ZNF213,0.9999999999999999,4289,88.7360568135365,88.73605681353649,0.00515128624251344,0.005151286242513439,1.0000000000000002
HOXA5,0.9999999999999999,2397,33.87339034482183,33.87339034482183,0.001966410678324732,0.001966410678324732,1.0
ZNF684,0.9999999999999999,6225,95.65809801455832,95.65809801455832,0.005553123070623379,0.005553123070623379,1.0
ZNF681,0.9999999999999999,2554,80.68635788169826,80.6863578816983,0.004683986873429598,0.004683986873429601,0.9999999999999994
ZBTB1,0.9999999999999999,1271,61.44791061059534,61.44791061059534,0.003567160722779249,0.003567160722779249,1.0
ZNF19,0.9999999999999999,2811,48.412127688375804,48.412127688375804,0.002810410291906177,0.002810410291906177,1.0
ZNF667,0.9999999999999999,4220,137.51070485848206,137.51070485848206,0.00798274148719854,0.00798274148719854,1.0
ZNF891,0.9999999999999999,4073,170.34126689949574,170.34126689949574,0.009888614123969333,0.009888614123969333,1.0
ZNF655,0.9999999999999999,884,49.74021118288634,49.74021118288635,0.002887507905659256,0.0028875079056592565,0.9999999999999999
HHEX,0.9999999999999999,632,18.346341153520402,18.346341153520402,0.0010650378006223384,0.0010650378006223384,1.0
ZFP1,0.9999999999999999,3310,48.74155278295229,48.74155278295229,0.0028295340057443567,0.0028295340057443567,1.0
ZNF627,0.9999999999999999,801,15.445799820605204,15.445799820605204,0.0008966562069316849,0.0008966562069316849,1.0
ZNF879,0.9999999999999999,1983,5.934573267001027,5.934573267001027,0.0003445125546848384,0.0003445125546848384,1.0
HMG20B,0.9999999999999999,538,8.83767020498061,8.83767020498061,0.0005130425058040525,0.0005130425058040525,1.0
USF2,0.9999999999999999,3178,43.88996130928108,43.88996130928106,0.0025478904742413256,0.0025478904742413247,1.0000000000000002
YBX3,0.9999999999999999,984,51.315075114118315,51.315075114118315,0.00297893156357357,0.00297893156357357,1.0
ZNF302,1.0,1447,50.15397078469607,50.15397078469607,0.0029115273879424166,0.0029115273879424166,1.0
ZNF124,1.0,3553,148.91140998563773,148.91140998563773,0.008644572738049328,0.008644572738049328,1.0
ZNF12,1.0,5887,45.14437717216229,45.14437717216229,0.002620711550688627,0.002620711550688627,1.0
ZNF133,1.0,894,32.90148255062122,32.90148255062122,0.0019099896987473132,0.0019099896987473132,1.0
ZNF317,1.0,3379,81.42637367086105,81.42637367086105,0.0047269461088390256,0.0047269461088390256,1.0
ZNF114,1.0,2104,25.87237587342868,25.87237587342868,0.0015019375289346733,0.0015019375289346733,1.0
ZNF134,1.0,3722,75.75538977523858,75.75538977523858,0.004397735386928978,0.004397735386928978,1.0
ZNF300,1.0,4548,25.512384793133624,25.512384793133624,0.001481039405151145,0.001481039405151145,1.0
ZNF32,1.0,575,14.985383828874948,14.985383828874948,0.0008699282380630992,0.0008699282380630992,1.0
ZNF101,1.0,2558,115.73289056748436,115.73289056748436,0.006718500555409518,0.006718500555409518,1.0
ZNF136,1.0,2313,28.011398629542395,28.011398629542395,0.0016261116120714267,0.0016261116120714267,1.0
ZNF276,1.0,858,12.7916277296804,12.7916277296804,0.0007425767868153025,0.0007425767868153025,1.0
ZNF3,1.0,1011,34.5704758931127,34.5704758931127,0.0020068777367417104,0.0020068777367417104,1.0
ZNF23,1.0,4162,141.7219352980801,141.72193529808004,0.008227210919428777,0.008227210919428773,1.0000000000000004
ZNF223,1.0,4785,78.82297449724194,78.82297449724194,0.0045758141470592095,0.0045758141470592095,1.0
ZNF232,1.0,594,10.449893399590035,10.449893399590035,0.0006066349355387225,0.0006066349355387225,1.0
ZNF222,1.0,2961,53.91783731545248,53.917837315452495,0.0031300265479770393,0.00313002654797704,0.9999999999999998
ZNF24,1.0,723,5.677684428070681,5.67768442807068,0.0003295996997602857,0.00032959969976028566,1.0000000000000002
ZNF22,1.0,1702,48.78340479421109,48.78340479421109,0.002831963589586154,0.002831963589586154,1.0
ZNF25,1.0,1560,35.15160705246482,35.15160705246482,0.002040613436228075,0.002040613436228075,1.0
ZNF211,1.0,369,14.171033780575518,14.171033780575518,0.0008226537664330384,0.0008226537664330384,1.0
ZNF202,1.0,5118,59.73797134561069,59.73797134561069,0.0034678957010107216,0.0034678957010107216,1.0
ZNF254,1.0,2370,129.75087816916349,129.75087816916349,0.007532269718400295,0.007532269718400295,1.0
ZNF200,1.0,3926,76.33028614574089,76.33028614574089,0.004431109145811035,0.004431109145811035,1.0
ZNF2,1.0,4143,72.67049766964686,72.67049766964689,0.004218651902336402,0.004218651902336404,0.9999999999999996
ZNF197,1.0,3792,77.45273554426129,77.45273554426129,0.0044962693338129155,0.0044962693338129155,1.0
ZNF189,1.0,5210,103.43742708858862,103.43742708858862,0.006004726987611089,0.006004726987611089,1.0
ZNF26,1.0,603,29.727719642958668,29.727719642958668,0.001725747105709896,0.001725747105709896,1.0
ZNF184,1.0,3330,116.91469220887784,116.91469220887778,0.006787106246887138,0.006787106246887134,1.0000000000000004
ZNF264,1.0,4513,68.83499853037324,68.83499853037323,0.003995994341714457,0.003995994341714456,1.0000000000000002
ZNF177,1.0,793,21.595612795545595,21.595612795545588,0.0012536638102603967,0.0012536638102603965,1.0000000000000002
ZNF274,1.0,4953,71.53685400266252,71.53685400266254,0.00415284186709988,0.004152841867099881,0.9999999999999998
ZNF174,1.0,2132,44.96000994279473,44.96000994279473,0.0026100087044464604,0.0026100087044464604,1.0
ZNF28,1.0,5599,136.92068048879176,136.9206804887918,0.007948489521002657,0.007948489521002657,0.9999999999999998
ZNF17,1.0,4816,107.20872035682983,107.20872035682984,0.00622365728299256,0.0062236572829925604,0.9999999999999999
ZNF16,1.0,5775,120.00465298102887,120.00465298102887,0.0069664839766068075,0.0069664839766068075,1.0
ZNF282,1.0,6554,157.06886536337547,157.06886536337547,0.009118127560860063,0.009118127560860063,1.0
ZNF146,1.0,1262,47.22465948334086,47.22465948334086,0.0027414756463102785,0.0027414756463102785,1.0
ZNF141,1.0,5484,190.3087329570159,190.30873295701596,0.011047761114420986,0.01104776111442099,0.9999999999999997
ZNF296,1.0,1886,51.17640066671576,51.17640066671576,0.002970881264757678,0.002970881264757678,1.0
ZNF140,1.0,4536,118.38320510939022,118.38320510939025,0.0068723560379304665,0.006872356037930468,0.9999999999999998
AC023509.3,1.0,879,37.55368245758362,37.55368245758362,0.0021800581944492986,0.0021800581944492986,1.0
ZNF524,1.0,4069,69.72005364682832,69.72005364682832,0.004047373368560799,0.004047373368560799,1.0
ZNF324,1.0,5814,75.8866741344302,75.8866741344302,0.004405356677953686,0.004405356677953686,1.0
ZNF713,1.0,3905,64.98268751081244,64.98268751081241,0.0037723608214798817,0.00377236082147988,1.0000000000000004
ZNF71,1.0,6312,53.444309591792326,53.444309591792326,0.0031025374197023296,0.0031025374197023296,1.0
ZNF704,1.0,2167,117.746942432569,117.746942432569,0.006835419855600197,0.006835419855600197,1.0
ZNF701,1.0,2955,57.87668207013857,57.87668207013857,0.003359844541398965,0.003359844541398965,1.0
ZNF695,1.0,2947,107.46921016035746,107.46921016035746,0.006238779180329587,0.006238779180329587,1.0
ZNF692,1.0,5034,107.76914570044508,107.76914570044508,0.006256190972973707,0.006256190972973707,1.0
ZNF691,1.0,2232,61.38291750204867,61.38291750204867,0.0035633877569980653,0.0035633877569980653,1.0
ZNF682,1.0,5773,173.1023476274134,173.10234762741334,0.010048899780994625,0.010048899780994621,1.0000000000000002
ZNF677,1.0,2244,68.83615433022688,68.83615433022688,0.003996061437955815,0.003996061437955815,1.0
ZNF675,1.0,4303,210.60762183258169,210.60762183258169,0.012226147790118524,0.012226147790118524,1.0
ZNF674,1.0,3477,67.77400013217871,67.77400013217871,0.003934401493798834,0.003934401493798834,1.0
ZNF671,1.0,2298,23.80328572591929,23.80328572591929,0.0013818231583605765,0.0013818231583605765,1.0
ZNF669,1.0,3039,66.53812137783932,66.53812137783932,0.0038626565295390293,0.0038626565295390293,1.0
ZNF653,1.0,282,9.155338046944351,9.155338046944351,0.0005314836901744079,0.0005314836901744079,1.0
ZNF652,1.0,611,19.807938717602653,19.807938717602653,0.0011498861440614567,0.0011498861440614567,1.0
ZNF641,1.0,2120,51.99977514311804,51.99977514311804,0.0030186796205223525,0.0030186796205223525,1.0
ZNF626,1.0,2443,133.90079761028755,133.90079761028755,0.007773179937901286,0.007773179937901286,1.0
ZNF621,1.0,3935,194.05143724734927,194.05143724734927,0.011265031768683924,0.011265031768683924,1.0
ZNF620,1.0,1051,35.63335391766828,35.63335391766828,0.0020685797003174434,0.0020685797003174434,1.0
ZNF619,1.0,5934,108.82578683861989,108.8257868386199,0.006317530874179722,0.0063175308741797226,0.9999999999999999
ZNF616,1.0,2884,30.62580167759498,30.62580167759498,0.0017778823683730976,0.0017778823683730976,1.0
ZNF615,1.0,1242,31.901818849835315,31.901818849835315,0.0018519574393263275,0.0018519574393263275,1.0
ZNF614,1.0,2481,61.307293074794295,61.30729307479433,0.0035589976242188723,0.0035589976242188744,0.9999999999999994
ZNF611,1.0,5666,184.55444498904632,184.55444498904626,0.010713714442647527,0.010713714442647525,1.0000000000000002
ZNF597,1.0,2159,28.332166098192204,28.332166098192204,0.001644732735295031,0.001644732735295031,1.0
ZNF714,1.0,3161,134.79086465568813,134.79086465568813,0.007824849916155122,0.007824849916155122,1.0
ZNF730,1.0,3069,141.17316541196587,141.17316541196587,0.0081953538495278,0.0081953538495278,1.0
ZNF74,1.0,1052,23.730029902038254,23.730029902038254,0.0013775705272285066,0.0013775705272285066,1.0
ZNF740,1.0,6072,49.34035171769685,49.34035171769686,0.00286429535107958,0.002864295351079581,0.9999999999999997
ZSCAN30,1.0,5584,275.8996340630981,275.8996340630981,0.016016465462852555,0.016016465462852555,1.0
ZSCAN29,1.0,1203,13.307450452679795,13.307450452679795,0.0007725212151793681,0.0007725212151793681,1.0
ZSCAN16,1.0,3148,15.880374286629985,15.880374286629982,0.0009218840291785664,0.0009218840291785662,1.0000000000000002
ZNF98,1.0,3417,27.284354803131073,27.284354803131073,0.001583905422218221,0.001583905422218221,1.0
ZNF90,1.0,2360,85.70656411055265,85.70656411055265,0.004975418791974495,0.004975418791974495,1.0
ZNF860,1.0,4037,156.39678180960587,156.3967818096059,0.009079111912783343,0.009079111912783345,0.9999999999999998
ZNF85,1.0,3437,153.2651149480711,153.2651149480711,0.008897313070246785,0.008897313070246785,1.0
ZNF84,1.0,4177,140.94406212921479,140.94406212921479,0.008182053995658585,0.008182053995658585,1.0
ZNF823,1.0,6511,33.43235892694625,33.43235892694625,0.0019408080185153982,0.0019408080185153982,1.0
ZNF821,1.0,1546,23.37512525096523,23.37512525096523,0.0013569676797262993,0.0013569676797262993,1.0
ZNF816,1.0,7001,75.17388835027762,75.17388835027765,0.004363978192864137,0.004363978192864139,0.9999999999999997
ZNF805,1.0,2462,10.045395797422014,10.045395797422014,0.0005831531288414034,0.0005831531288414034,1.0
ZNF596,1.0,4623,26.086984504904688,26.0869845049047,0.0015143959424651508,0.0015143959424651515,0.9999999999999996
ZNF8,1.0,1455,48.59152655364272,48.59152655364272,0.002820824715757734,0.002820824715757734,1.0
ZNF790,1.0,1814,34.09776299590358,34.09776299590358,0.001979435910594658,0.001979435910594658,1.0
ZNF789,1.0,3288,121.16970285371681,121.16970285371681,0.007034117198056241,0.007034117198056241,1.0
ZNF786,1.0,3637,127.24175536093432,127.24175536093426,0.007386610667649734,0.007386610667649731,1.0000000000000004
ZNF783,1.0,3317,86.55848556927741,86.55848556927742,0.005024874350939127,0.005024874350939128,0.9999999999999999
ZNF780A,1.0,4993,225.45958636257853,225.4595863625785,0.013088330800103246,0.013088330800103246,1.0000000000000002
ZNF776,1.0,4301,114.24289183595235,114.24289183595235,0.006632003473583673,0.006632003473583673,1.0
ZNF766,1.0,1366,56.94132374561683,56.94132374561683,0.0033055453236744935,0.0033055453236744935,1.0
ZNF764,1.0,2770,77.45687622306973,77.45687622306973,0.0044965097075972205,0.0044965097075972205,1.0
ZNF76,1.0,5986,37.443066702674585,37.443066702674564,0.0021736367527385686,0.0021736367527385677,1.0000000000000007
ZNF75D,1.0,2247,89.81306516375246,89.81306516375246,0.005213808496676678,0.005213808496676678,1.0
ZNF75A,1.0,2989,93.61215876806183,93.61215876806185,0.005434352651112378,0.005434352651112379,0.9999999999999999
ZNF749,1.0,2838,53.840477093002114,53.840477093002114,0.003125535649193203,0.003125535649193203,1.0
ZNF799,1.0,2047,54.09686109388512,54.09686109388512,0.00314041919736939,0.00314041919736939,1.0
ZNF595,1.0,944,54.970576937310675,54.970576937310675,0.0031911399592076325,0.0031911399592076325,1.0
ZNF584,1.0,1357,30.725352056193667,30.725352056193667,0.0017836614452684122,0.0017836614452684122,1.0
ZNF574,1.0,4902,94.45332648705062,94.45332648705063,0.005483183936320133,0.005483183936320134,0.9999999999999999
ZNF443,1.0,2886,48.86784349644125,48.86784349644125,0.0028368654067364016,0.0028368654067364016,1.0
ZNF442,1.0,2501,40.64253343175759,40.64253343175759,0.00235937149841853,0.00235937149841853,1.0
ZNF441,1.0,5134,150.54027187388905,150.54027187388905,0.00873913107360322,0.00873913107360322,1.0
ZNF44,1.0,5990,81.10859827724774,81.10859827724774,0.004708498680903735,0.004708498680903735,1.0
ZNF439,1.0,2376,151.64167418718296,151.64167418718296,0.008803069440797803,0.008803069440797803,1.0
ZNF436,1.0,6140,65.52521453848864,65.52521453848864,0.003803855482322573,0.003803855482322573,1.0
ZNF429,1.0,2737,77.61740502845396,77.61740502845396,0.004505828690842561,0.004505828690842561,1.0
ZNF423,1.0,1195,44.74928968975831,44.74928968975831,0.0025977760182142287,0.0025977760182142287,1.0
ZNF419,1.0,4438,56.47075389559716,56.47075389559716,0.003278227905236106,0.003278227905236106,1.0
ZNF418,1.0,4072,68.1318744120625,68.1318744120625,0.003955176733545948,0.003955176733545948,1.0
ZNF410,1.0,1032,28.292269505470298,28.292269505470298,0.0016424166669842272,0.0016424166669842272,1.0
ZNF41,1.0,5395,129.38112479520086,129.3811247952009,0.007510804876071106,0.007510804876071107,0.9999999999999998
ZNF445,1.0,1187,31.407569931401344,31.407569931401344,0.0018232654087658971,0.0018232654087658971,1.0
ZNF394,1.0,6080,131.7415957674011,131.7415957674011,0.007647834422814414,0.007647834422814414,1.0
ZNF354B,1.0,880,16.918983481994257,16.918983481994257,0.0009821771439680865,0.0009821771439680865,1.0
ZNF354A,1.0,1660,25.15050454965228,25.150504549652286,0.0014600316120778056,0.001460031612077806,0.9999999999999997
ZNF35,1.0,3677,26.891396938251432,26.891396938251447,0.0015610935178364932,0.0015610935178364941,0.9999999999999994
ZNF345,1.0,1701,66.95962176156529,66.95962176156529,0.00388712537800797,0.00388712537800797,1.0
ZNF343,1.0,5068,123.44975452285925,123.44975452285927,0.00716647826093459,0.007166478260934591,0.9999999999999999
ZNF33B,1.0,947,39.64850357382519,39.64850357382519,0.002301666293615766,0.002301666293615766,1.0
ZNF33A,1.0,3217,131.77544130126452,131.77544130126452,0.007649799216374348,0.007649799216374348,1.0
ZNF337,1.0,582,22.37556245377568,22.37556245377568,0.0012989412779389109,0.0012989412779389109,1.0
ZNF335,1.0,5248,62.357789844449215,62.3577898444492,0.0036199808338818773,0.0036199808338818764,1.0000000000000002
ZNF334,1.0,933,30.103290438965306,30.103290438965296,0.0017475496597564905,0.0017475496597564898,1.0000000000000004
ZNF333,1.0,2403,86.72794096249059,86.72794096249059,0.005034711538516812,0.005034711538516812,1.0
ZNF331,1.0,6561,28.99968132475218,28.999681324752203,0.001683483183835608,0.0016834831838356092,0.9999999999999992
ZNF385D,1.0,432,10.133850178570993,10.133850178570993,0.0005882880633095897,0.0005882880633095897,1.0
ZNF322,1.0,5539,52.46452619320985,52.464526193209856,0.0030456592472547224,0.003045659247254723,0.9999999999999999
ZNF45,1.0,4235,109.8214819535568,109.8214819535568,0.006375332750119401,0.006375332750119401,1.0
ZNF468,1.0,7062,89.11119092534607,89.11119092534607,0.00517306344626414,0.00517306344626414,1.0
ZNF570,1.0,2141,14.104351507083305,14.104351507083306,0.0008187827416163535,0.0008187827416163535,0.9999999999999999
ZNF567,1.0,2299,25.778024334611317,25.778024334611313,0.0014964602539539833,0.001496460253953983,1.0000000000000002
ZNF565,1.0,1746,71.63957781101004,71.63957781101004,0.0041588051672477675,0.0041588051672477675,1.0
ZNF564,1.0,1322,52.647010873775535,52.647010873775535,0.003056252808183881,0.003056252808183881,1.0
ZNF563,1.0,6131,114.4263717398921,114.42637173989213,0.006642654809003373,0.006642654809003375,0.9999999999999998
ZNF561,1.0,1961,66.1365371875663,66.1365371875663,0.003839343851594468,0.003839343851594468,1.0
ZNF558,1.0,1448,19.792557559531957,19.792557559531954,0.001148993240423311,0.0011489932404233109,1.0000000000000002
ZNF555,1.0,4592,51.905488838710006,51.905488838710006,0.003013206132515384,0.003013206132515384,1.0
ZNF554,1.0,6076,102.91389820018514,102.91389820018514,0.005974335202611467,0.005974335202611467,1.0
ZNF552,1.0,2810,42.31740794213908,42.31740794213908,0.0024566009486902984,0.0024566009486902984,1.0
ZNF549,1.0,3377,90.50182433858856,90.50182433858856,0.00525379219427543,0.00525379219427543,1.0
ZNF547,1.0,3585,69.55782844208412,69.55782844208412,0.0040379559063093064,0.0040379559063093064,1.0
ZNF460,1.0,7255,145.39658414637853,145.3965841463785,0.008440530833993877,0.008440530833993876,1.0000000000000002
ZNF530,1.0,5836,107.38247122394867,107.38247122394864,0.006233743830485816,0.006233743830485815,1.0000000000000002
ZNF527,1.0,5418,50.76371291514809,50.763712915148076,0.002946924005291309,0.0029469240052913083,1.0000000000000002
ZNF525,1.0,557,31.956275393079917,31.956275393079917,0.0018551187387135677,0.0018551187387135677,1.0
ZNF513,1.0,3204,13.088964816715148,13.088964816715146,0.0007598377346287674,0.0007598377346287673,1.0000000000000002
ZNF506,1.0,2967,132.59629050139938,132.59629050139938,0.007697450975351177,0.007697450975351177,1.0
ZNF502,1.0,3679,90.8212289355374,90.82122893553739,0.005272334200367898,0.005272334200367897,1.0000000000000002
ZNF496,1.0,2388,78.18455479693664,78.18455479693662,0.004538752745671464,0.004538752745671463,1.0000000000000002
ZNF492,1.0,2860,50.550646908078036,50.550646908078036,0.0029345551438568463,0.0029345551438568463,1.0
ZNF490,1.0,3731,158.7812851535467,158.78128515354672,0.009217536581536439,0.00921753658153644,0.9999999999999998
ZNF486,1.0,2427,88.1133632331499,88.1133632331499,0.005115137770413903,0.005115137770413903,1.0
ZNF485,1.0,2657,87.17150761239468,87.1715076123947,0.005060461373063664,0.0050604613730636655,0.9999999999999997
ZNF483,1.0,3597,58.30064538918207,58.30064538918207,0.003384456367652506,0.003384456367652506,1.0
ZNF480,1.0,2488,66.85743833419001,66.85743833419002,0.003881193447938582,0.0038811934479385823,0.9999999999999998
ZNF528,1.0,3979,115.08076524908202,115.08076524908199,0.006680643518465228,0.0066806435184652265,1.0000000000000002
ZNF10,1.0,3162,68.3896827464525,68.3896827464525,0.003970142966820649,0.003970142966820649,1.0
TET3,1.0,287,19.11403623921855,19.11403623921855,0.0011096038685254005,0.0011096038685254005,1.0
ZKSCAN5,1.0,4237,82.51746326546666,82.51746326546666,0.004790285804334533,0.004790285804334533,1.0
IRF5,1.0,2490,57.121691381982394,57.12169138198237,0.003316015986414861,0.00331601598641486,1.0000000000000004
IRF4,1.0,5002,283.9982082250449,283.99820822504495,0.01648660212614913,0.016486602126149132,0.9999999999999998
IRF2,1.0,4166,49.441463841893295,49.441463841893295,0.0028701650900901715,0.0028701650900901715,1.0
HSF5,1.0,899,18.87099348973835,18.870993489738357,0.0010954948037697869,0.0010954948037697873,0.9999999999999997
HSF2,1.0,2277,35.2005434911201,35.200543491120115,0.0020434542837060314,0.0020434542837060323,0.9999999999999996
HSF1,1.0,4261,40.65949544335721,40.65949544335722,0.00236035617342141,0.002360356173421411,0.9999999999999997
HOXB4,1.0,637,19.110583948787507,19.11058394878751,0.001109403456913242,0.0011094034569132422,0.9999999999999998
HOXB3,1.0,446,12.376819238521806,12.376819238521808,0.0007184964146361201,0.0007184964146361203,0.9999999999999999
HOXB2,1.0,746,13.03215122590401,13.032151225904014,0.0007565396044295838,0.000756539604429584,0.9999999999999998
HOXA9,1.0,2657,82.46432444690554,82.46432444690554,0.0047872010012136035,0.0047872010012136035,1.0
HOXA7,1.0,660,13.208879844541944,13.208879844541947,0.000766799015705442,0.0007667990157054422,0.9999999999999998
HOXA3,1.0,378,23.498660694484492,23.498660694484492,0.001364139132386189,0.001364139132386189,1.0
HOXA10,1.0,1339,42.50880633180202,42.50880633180202,0.002467711966318473,0.002467711966318473,1.0
HOMEZ,1.0,239,7.485076215095069,7.485076215095069,0.000434522014112102,0.000434522014112102,1.0
IRF7,1.0,4175,148.83273163479788,148.83273163479794,0.008640005319563328,0.008640005319563332,0.9999999999999997
HMG20A,1.0,346,7.691644018418642,7.691644018418643,0.0004465136432380496,0.00044651364323804963,0.9999999999999999
HLX,1.0,439,31.380927073867635,31.380927073867635,0.0018217187434034388,0.0018217187434034388,1.0
HLF,1.0,1175,15.9301271905408,15.9301271905408,0.0009247722739197028,0.0009247722739197028,1.0
HIF1A,1.0,1390,45.74906048311976,45.74906048311976,0.0026558144945500847,0.0026558144945500847,1.0
HIC2,1.0,1996,71.15877563493501,71.15877563493498,0.0041308937440459196,0.004130893744045918,1.0000000000000004
HESX1,1.0,1520,12.965322844320792,12.965322844320792,0.0007526600977778238,0.0007526600977778238,1.0
HES1,1.0,2694,52.297191122899434,52.297191122899434,0.003035945148200362,0.003035945148200362,1.0
GRHL1,1.0,800,33.11532115288215,33.11532115288216,0.0019224034107095177,0.001922403410709518,0.9999999999999998
GMEB2,1.0,1191,11.941396467529492,11.941396467529488,0.0006932193467740329,0.0006932193467740328,1.0000000000000002
GMEB1,1.0,760,4.189166322002704,4.1891663220027056,0.00024318857088138302,0.0002431885708813831,0.9999999999999996
GLIS3,1.0,1638,20.32111175598111,20.32111175598111,0.0011796767535110363,0.0011796767535110363,1.0
GLI4,1.0,2062,52.187857405826854,52.187857405826854,0.0030295981310708726,0.0030295981310708726,1.0
GLI3,1.0,4407,57.801236756025496,57.80123675602548,0.0033554648064568382,0.0033554648064568374,1.0000000000000002
GLI1,1.0,2092,50.6977690624074,50.6977690624074,0.002943095847115256,0.002943095847115256,1.0
GFI1B,1.0,1953,104.44638804991459,104.44638804991459,0.006063298969575908,0.006063298969575908,1.0
HMBOX1,1.0,526,27.78691559276822,27.78691559276823,0.0016130799717153268,0.0016130799717153275,0.9999999999999997
GFI1,1.0,3964,66.03257600850785,66.03257600850786,0.0038333087198715804,0.0038333087198715813,0.9999999999999998
IRF8,1.0,5812,223.45837203338175,223.45837203338175,0.012972156741749782,0.012972156741749782,1.0
JUNB,1.0,4207,214.11678825710666,214.11678825710663,0.012429861155062501,0.0124298611550625,1.0000000000000002
MYPOP,1.0,1068,29.565543319370633,29.565543319370633,0.0017163324810966349,0.0017163324810966349,1.0
MYC,1.0,3470,48.16455427288278,48.164554272882796,0.0027960382139140126,0.0027960382139140135,0.9999999999999997
MYBL2,1.0,1698,60.11660723050366,60.116607230503654,0.0034898761889297376,0.003489876188929737,1.0000000000000002
MYBL1,1.0,668,20.668898022917503,20.668898022917503,0.0011998663661278012,0.0011998663661278012,1.0
MXI1,1.0,4421,129.45240107493473,129.45240107493473,0.007514942591137509,0.007514942591137509,1.0
MTF2,1.0,2656,85.41603321602068,85.41603321602068,0.004958552955765742,0.004958552955765742,1.0
MSANTD3,1.0,1687,53.78251014759824,53.782510147598224,0.003122170564704414,0.0031221705647044135,1.0000000000000002
MNT,1.0,1140,60.20045389996081,60.20045389996081,0.003494743637522397,0.003494743637522397,1.0
MLX,1.0,3028,48.126290136044254,48.12629013604427,0.0027938169125765852,0.0027938169125765857,0.9999999999999997
MGA,1.0,2181,64.01204494361154,64.01204494361154,0.003716013290584671,0.003716013290584671,1.0
MEIS1,1.0,2686,92.24054734240545,92.24054734240545,0.0053547281633812525,0.0053547281633812525,1.0
MEF2D,1.0,2079,75.60971056395906,75.60971056395906,0.00438927844908621,0.00438927844908621,1.0
MEF2C,1.0,2781,158.26713925382424,158.26713925382424,0.009187689495752016,0.009187689495752016,1.0
MEF2B,1.0,3650,36.63752526680028,36.63752526680028,0.0021268736367584047,0.0021268736367584047,1.0
JUN,1.0,5531,242.92311227850703,242.92311227850686,0.014102119602839141,0.01410211960283913,1.0000000000000007
MECP2,1.0,1950,54.315426383695275,54.315426383695275,0.003153107301967681,0.003153107301967681,1.0
MBNL2,1.0,2053,34.32179416768912,34.32179416768912,0.0019924413193828584,0.0019924413193828584,1.0
MAFG,1.0,5531,117.77283455516906,117.772834555169,0.006836922939461805,0.006836922939461802,1.0000000000000004
MAFB,1.0,2479,69.96459810538417,69.96459810538416,0.004061569610204584,0.004061569610204583,1.0000000000000002
LIN54,1.0,522,33.762732111968795,33.762732111968795,0.001959986770693649,0.001959986770693649,1.0
LHX4,1.0,975,18.69659785750964,18.69659785750964,0.0010853708265128085,0.0010853708265128085,1.0
LCORL,1.0,548,23.696354949504546,23.696354949504546,0.0013756156362187708,0.0013756156362187708,1.0
LCOR,1.0,832,50.5465628701812,50.5465628701812,0.002934318058178405,0.002934318058178405,1.0
KMT2A,1.0,3029,149.5713047966991,149.5713047966991,0.008682880807889185,0.008682880807889185,1.0
KLF9,1.0,6638,198.42800079317348,198.42800079317342,0.01151909908238555,0.011519099082385546,1.0000000000000002
KLF4,1.0,6014,340.6459287444227,340.6459287444228,0.019775103259283798,0.019775103259283805,0.9999999999999997
KLF13,1.0,5965,227.0889873844206,227.08898738442068,0.013182920433322918,0.013182920433322923,0.9999999999999997
KLF1,1.0,6059,326.82187586401517,326.82187586401517,0.018972592352491303,0.018972592352491303,1.0
KDM2B,1.0,222,17.217541686079997,17.217541686079997,0.0009995089798026237,0.0009995089798026237,1.0
JUND,1.0,5218,101.0689120052972,101.06891200529721,0.005867230465882805,0.005867230465882806,0.9999999999999999
MECOM,1.0,3348,85.64655024381435,85.64655024381435,0.00497193488005424,0.00497193488005424,1.0
GATA3,1.0,5521,53.97839302026995,53.97839302026995,0.0031335419145634476,0.0031335419145634476,1.0
GATA2,1.0,6295,270.74756494016174,270.74756494016174,0.015717378668301505,0.015717378668301505,1.0
FOXP2,1.0,1829,35.50821260855179,35.50821260855179,0.0020613150242976773,0.0020613150242976773,1.0
CREB1,1.0,4327,45.873335757997815,45.87333575799781,0.0026630288957388724,0.002663028895738872,1.0000000000000002
CLOCK,1.0,2983,83.77688385804746,83.77688385804747,0.004863397414260272,0.004863397414260273,0.9999999999999998
CENPBD1,1.0,336,16.61317603179851,16.61317603179851,0.0009644244764773313,0.0009644244764773313,1.0
CENPB,1.0,647,15.09443054801592,15.09443054801592,0.0008762585944511738,0.0008762585944511738,1.0
CEBPG,1.0,3410,30.619507682848635,30.619507682848635,0.0017775169907609796,0.0017775169907609796,1.0
CEBPE,1.0,2967,139.59240573720072,139.5924057372007,0.00810358793319405,0.008103587933194049,1.0000000000000002
CEBPB,1.0,4196,297.9750935887784,297.97509358877846,0.01729798523097518,0.017297985230975182,0.9999999999999998
CEBPA,1.0,5195,390.42229875397237,390.42229875397237,0.02266471024927275,0.02266471024927275,1.0
CDC5L,1.0,443,36.67745241289877,36.67745241289877,0.002129191478747171,0.002129191478747171,1.0
BPTF,1.0,907,28.94946591781564,28.94946591781564,0.00168056808996956,0.00168056808996956,1.0
BHLHE40,1.0,1955,66.5260810150438,66.52608101504383,0.0038619575650205387,0.0038619575650205404,0.9999999999999996
BCL11A,1.0,6022,168.3258317281189,168.3258317281189,0.009771614520383078,0.009771614520383078,1.0
BATF3,1.0,3626,36.807221760008545,36.80722176000855,0.002136724820620489,0.0021367248206204895,0.9999999999999998
BACH2,1.0,2130,94.60720925317095,94.6072092531709,0.005492117105141701,0.005492117105141698,1.0000000000000007
CREB3,1.0,4680,49.05102030714895,49.051020307148946,0.0028474991470538113,0.002847499147053811,1.0000000000000002
BACH1,1.0,5218,145.63278818107545,145.63278818107545,0.008454242899168435,0.008454242899168435,1.0
ATF6B,1.0,4961,44.081788817292576,44.081788817292576,0.002559026402954405,0.002559026402954405,1.0
ATF6,1.0,5034,60.2409176199193,60.240917619919266,0.003497092628580013,0.0034970926285800108,1.0000000000000007
ATF4,1.0,4007,59.29996642097789,59.299966420977896,0.0034424687345279165,0.003442468734527917,0.9999999999999999
ATF3,1.0,4985,180.7487259375056,180.74872593750564,0.010492785669192244,0.010492785669192246,0.9999999999999999
ATF2,1.0,2162,32.723222206372384,32.72322220637239,0.0018996413680699166,0.001899641368069917,0.9999999999999998
ATF1,1.0,1377,26.64562934905418,26.645629349054182,0.0015468262712791234,0.0015468262712791236,0.9999999999999999
ASCL2,1.0,3211,156.1751542552096,156.17515425520963,0.009066246038268293,0.009066246038268295,0.9999999999999998
ARNTL,1.0,2560,97.02485856838487,97.02485856838487,0.005632465956599609,0.005632465956599609,1.0
ARNT,1.0,2517,64.7549353158427,64.75493531584272,0.003759139400664269,0.00375913940066427,0.9999999999999998
ARID5A,1.0,510,18.629781388814838,18.629781388814838,0.001081492011425452,0.001081492011425452,1.0
ARID3B,1.0,289,4.173673221120864,4.173673221120864,0.0002422891687635472,0.0002422891687635472,1.0
AR,1.0,3833,37.43159968748789,37.431599687487896,0.0021729710720705844,0.002172971072070585,0.9999999999999998
AIRE,1.0,662,24.311573357969355,24.311573357969355,0.0014113301612660718,0.0014113301612660718,1.0
AHR,1.0,2217,128.21307453657374,128.2130745365737,0.007442997476870646,0.007442997476870644,1.0000000000000002
ATF7,1.0,1565,21.481105437155918,21.48110543715592,0.00124701645403204,0.00124701645403204,0.9999999999999999
CREB3L2,1.0,905,31.20135180390727,31.20135180390727,0.0018112940789450406,0.0018112940789450406,1.0
CREM,1.0,2418,51.728943189773524,51.728943189773524,0.003002957342956782,0.003002957342956782,1.0
CUX1,1.0,1559,28.85417348517001,28.85417348517001,0.001675036194425288,0.001675036194425288,1.0
FOXP1,1.0,2343,76.05372603055291,76.05372603055291,0.004415054338241781,0.004415054338241781,1.0
FOXO4,1.0,4721,110.62988350978911,110.62988350978911,0.0064222619011836245,0.0064222619011836245,1.0
FOXN2,1.0,1655,63.265480953064234,63.265480953064234,0.0036726739204147353,0.0036726739204147353,1.0
FOXM1,1.0,1695,72.13523766423394,72.13523766423394,0.004187579105087306,0.004187579105087306,1.0
FOXJ3,1.0,3364,50.2632337802411,50.2632337802411,0.0029178702995611926,0.0029178702995611926,1.0
FOXJ2,1.0,3891,54.87685085272205,54.87685085272204,0.003185698992959599,0.0031856989929595985,1.0000000000000002
FOSL2,1.0,3948,251.77641056306211,251.77641056306203,0.014616069346514694,0.014616069346514689,1.0000000000000004
FOSL1,1.0,5079,216.73562012864517,216.73562012864517,0.012581889012460535,0.012581889012460535,1.0
FOSB,1.0,3688,127.81646937384421,127.81646937384424,0.007419973840348555,0.007419973840348557,0.9999999999999998
FOS,1.0,4218,282.66991309410275,282.66991309410275,0.01640949222652402,0.01640949222652402,1.0
ETV5,1.0,8095,259.4861834774729,259.4861834774729,0.015063635404474219,0.015063635404474219,1.0
ETS2,1.0,6367,259.52859785649343,259.5285978564935,0.015066097634766832,0.015066097634766835,0.9999999999999998
ESRRG,1.0,4628,85.39525882929813,85.39525882929813,0.0049573469655926,0.0049573469655926,1.0
ESRRB,1.0,2800,69.18922801054326,69.18922801054326,0.004016557994342463,0.004016557994342463,1.0
ESR2,1.0,2850,78.47686446814924,78.47686446814924,0.004555721843036645,0.004555721843036645,1.0
ESR1,1.0,5454,62.846754379730726,62.846754379730726,0.0036483660965825337,0.0036483660965825337,1.0
ERG,1.0,7360,118.7629938091216,118.76299380912171,0.006894403448805387,0.006894403448805393,0.999999999999999
CUX2,1.0,836,6.347016666759427,6.347016666759426,0.0003684556290931979,0.00036845562909319785,1.0000000000000002
CXXC5,1.0,234,18.60409325097436,18.60409325097436,0.0010800007692426772,0.0010800007692426772,1.0
DNMT1,1.0,4137,115.18317462587275,115.1831746258727,0.006686588565300868,0.0066865885653008645,1.0000000000000004
DPF3,1.0,348,32.00233369725055,32.00233369725055,0.0018577925053553089,0.0018577925053553089,1.0
E2F2,1.0,4189,63.47847996074183,63.47847996074186,0.0036850388924150605,0.003685038892415062,0.9999999999999996
E2F3,1.0,5827,105.9952881432254,105.99528814322537,0.0061532153804264135,0.006153215380426412,1.0000000000000002
MYT1L,1.0,857,18.504583573566673,18.504583573566673,0.0010742240551240376,0.0010742240551240376,1.0
E2F4,1.0,4708,188.82836523459872,188.82836523459864,0.010961823129838542,0.010961823129838537,1.0000000000000004
EGR3,1.0,5358,120.89908952664231,120.89908952664226,0.007018407612135279,0.007018407612135276,1.0000000000000004
ELF1,1.0,6716,268.3674835905588,268.3674835905588,0.015579210704200557,0.015579210704200557,1.0
ELF4,1.0,6178,367.01951257691115,367.0195125769112,0.02130613680348956,0.021306136803489563,0.9999999999999999
ELK4,1.0,4212,77.77395995957976,77.77395995957974,0.004514916983605001,0.004514916983605,1.0000000000000002
EPAS1,1.0,657,16.593593495937956,16.593593495937956,0.0009632876753708322,0.0009632876753708322,1.0
ERF,1.0,2547,59.71844320392832,59.718443203928295,0.0034667620575832064,0.0034667620575832055,1.0000000000000004
E2F6,1.0,7784,139.81727336767975,139.81727336767975,0.008116641899900136,0.008116641899900136,1.0
ZKSCAN7,1.0,1072,34.68002312823719,34.68002312823719,0.0020132371489746423,0.0020132371489746423,1.0
MZF1,1.0,7001,79.52576540198606,79.52576540198608,0.004616612411586327,0.0046166124115863275,0.9999999999999998
NEUROD1,1.0,3464,44.256745942080975,44.256745942080975,0.0025691829758551594,0.0025691829758551594,1.0
TIGD6,1.0,202,10.995180038958013,10.995180038958013,0.0006382897967582732,0.0006382897967582732,1.0
TIGD2,1.0,445,7.870003357115967,7.870003357115967,0.000456867720719608,0.000456867720719608,1.0
TIGD1,1.0,289,11.031055256418565,11.031055256418565,0.0006403724170683017,0.0006403724170683017,1.0
THRB,1.0,5810,207.70026002937365,207.70026002937365,0.012057370255971998,0.012057370255971998,1.0
THAP12,1.0,1232,33.137261547165316,33.137261547165316,0.0019236770896996003,0.0019236770896996003,1.0
THAP11,1.0,2283,17.66765859699786,17.66765859699786,0.0010256390686751342,0.0010256390686751342,1.0
TGIF1,1.0,2874,77.67771953083685,77.67771953083685,0.004509330055197774,0.004509330055197774,1.0
TFEC,1.0,2835,67.60479904043791,67.60479904043794,0.003924579068874835,0.0039245790688748365,0.9999999999999996
TFEB,1.0,3182,61.66971052789185,61.66971052789184,0.0035800366032678423,0.0035800366032678415,1.0000000000000002
TFE3,1.0,3114,48.76630840959298,48.76630840959299,0.002830971113990072,0.0028309711139900724,0.9999999999999999
TFDP2,1.0,3090,168.45036088622592,168.45036088622592,0.009778843659945776,0.009778843659945776,1.0
TFCP2,1.0,3428,65.91699401274313,65.91699401274313,0.003826598979028395,0.003826598979028395,1.0
TFAP4,1.0,6127,142.19176723007854,142.19176723007854,0.008254485500410922,0.008254485500410922,1.0
TET1,1.0,936,37.651599066165,37.651599066165,0.0021857424280834203,0.0021857424280834203,1.0
TP53,1.0,3066,51.044175441839386,51.044175441839364,0.0029632053548031686,0.0029632053548031678,1.0000000000000004
TCF7L2,1.0,4871,207.00413945477843,207.00413945477843,0.01201695921599782,0.01201695921599782,1.0
TCF7,1.0,2646,33.05943317022414,33.05943317022414,0.0019191590137132323,0.0019191590137132323,1.0
TCF4,1.0,3723,242.1851686921274,242.1851686921274,0.014059280662494334,0.014059280662494334,1.0
TCF3,1.0,5425,281.8986892641275,281.8986892641275,0.01636472130872678,0.01636472130872678,1.0
TBX19,1.0,1231,39.2363882867111,39.23638828671111,0.0022777422667311677,0.0022777422667311685,0.9999999999999997
TBP,1.0,2292,40.92380156422328,40.92380156422328,0.0023756996147813354,0.0023756996147813354,1.0
TAL1,1.0,3715,407.45181290484794,407.4518129048478,0.023653303895556015,0.02365330389555601,1.0000000000000002
STAT6,1.0,3966,245.08675156823384,245.08675156823384,0.014227722719623467,0.014227722719623467,1.0
STAT5A,1.0,3781,51.12410286172396,51.12410286172397,0.002967845283973294,0.0029678452839732943,0.9999999999999999
STAT4,1.0,1713,47.88201103868059,47.88201103868059,0.0027796360756229296,0.0027796360756229296,1.0
STAT3,1.0,5266,197.18677948159694,197.18677948159694,0.011447043973156679,0.011447043973156679,1.0
STAT2,1.0,4929,160.86585318550527,160.86585318550533,0.009338549470887338,0.009338549470887341,0.9999999999999997
STAT1,1.0,4495,148.02643423439312,148.0264342343931,0.008593198318494899,0.008593198318494897,1.0000000000000002
ST18,1.0,888,47.34849978846354,47.34849978846354,0.0027486647967295682,0.0027486647967295682,1.0
SRF,1.0,3541,12.536897815428626,12.536897815428631,0.0007277892613159541,0.0007277892613159544,0.9999999999999996
TCF7L1,1.0,4019,56.49444635022846,56.49444635022846,0.0032796032944519015,0.0032796032944519015,1.0
SREBF2,1.0,6880,63.32599716539612,63.32599716539612,0.0036761869943919725,0.0036761869943919725,1.0
TP63,1.0,2501,14.921096086184068,14.921096086184068,0.00086619622002694,0.00086619622002694,1.0
VDR,1.0,3682,211.06198891588457,211.06198891588457,0.012252524609072597,0.012252524609072597,1.0
ZKSCAN3,1.0,1873,28.032552200595926,28.032552200595926,0.0016273396145707608,0.0016273396145707608,1.0
ZKSCAN2,1.0,1785,42.38523377982146,42.38523377982146,0.002460538359446271,0.002460538359446271,1.0
ZKSCAN1,1.0,1811,44.92826887173593,44.92826887173593,0.002608166078702887,0.002608166078702887,1.0
ZIK1,1.0,2351,60.447773752254015,60.447773752254015,0.0035091009957189142,0.0035091009957189142,1.0
ZFX,1.0,3694,51.771943484560545,51.771943484560545,0.0030054535867038512,0.0030054535867038512,1.0
ZFP90,1.0,1348,90.165333144694,90.165333144694,0.005234258280778707,0.005234258280778707,1.0
ZFP69B,1.0,5244,111.62295141419229,111.62295141419229,0.006479911262869632,0.006479911262869632,1.0
ZFP41,1.0,2136,43.97196607870793,43.97196607870792,0.002552650997254611,0.0025526509972546105,1.0000000000000002
ZFP28,1.0,5296,28.444921854472064,28.444921854472064,0.0016512784078992258,0.0016512784078992258,1.0
ZFHX2,1.0,152,2.680795078098301,2.680795078098301,0.00015562493196901781,0.00015562493196901781,1.0
ZEB1,1.0,5171,179.51906228991555,179.51906228991555,0.010421401502955738,0.010421401502955738,1.0
ZBTB7B,1.0,2521,124.0249564068425,124.0249564068425,0.007199869755418699,0.007199869755418699,1.0
ZBTB7A,1.0,6293,282.15395172826294,282.153951728263,0.01637953974969598,0.01637953974969598,0.9999999999999998
ZBTB6,1.0,5147,71.64889973156075,71.64889973156075,0.004159346321349166,0.004159346321349166,1.0
USF1,1.0,3750,43.14794112196481,43.1479411219648,0.0025048148799468716,0.0025048148799468707,1.0000000000000002
ZBTB49,1.0,1397,58.024962781503646,58.024962781503646,0.003368452500958066,0.003368452500958066,1.0
ZBTB45,1.0,533,9.818058061188971,9.818058061188971,0.0005699557680941003,0.0005699557680941003,1.0
ZBTB43,1.0,2946,144.9664471012034,144.9664471012034,0.008415560611935645,0.008415560611935645,1.0
ZBTB37,1.0,3064,34.74889349830711,34.74889349830711,0.0020172351966972666,0.0020172351966972666,1.0
ZBTB3,1.0,3871,122.78264859616753,122.78264859616753,0.0071277515729808155,0.0071277515729808155,1.0
ZBTB22,1.0,560,23.36983289150913,23.369832891509137,0.0013566604488278841,0.0013566604488278843,0.9999999999999997
ZBTB20,1.0,228,17.29662540550272,17.29662540550272,0.001004099930657304,0.001004099930657304,1.0
ZBTB2,1.0,655,13.064220236596675,13.064220236596675,0.0007584012676533539,0.0007584012676533539,1.0
ZBTB14,1.0,5422,23.023756684167353,23.023756684167317,0.0013365701082182371,0.001336570108218235,1.0000000000000016
YY2,1.0,3329,29.05755126190244,29.057551261902436,0.001686842636822387,0.001686842636822387,1.0000000000000002
YY1,1.0,4490,60.06665118742067,60.06665118742067,0.003486976151597624,0.003486976151597624,1.0
YBX1,1.0,1256,96.79503051962247,96.79503051962247,0.005619124028771768,0.005619124028771768,1.0
XPA,1.0,4556,105.23420842908915,105.23420842908912,0.006109033346632367,0.006109033346632365,1.0000000000000002
XBP1,1.0,4071,76.70352216210077,76.70352216210075,0.0044527761617381145,0.0044527761617381145,1.0000000000000002
VENTX,1.0,1557,26.691216174170414,26.691216174170414,0.0015494726677214917,0.0015494726677214917,1.0
ZBTB48,1.0,2583,97.60417506667206,97.60417506667206,0.005666096311777084,0.005666096311777084,1.0
SREBF1,1.0,5362,87.05520814130182,87.05520814130176,0.005053709981499003,0.005053709981498999,1.0000000000000007
SOX6,1.0,478,48.10434431891864,48.10434431891864,0.002792542918780834,0.002792542918780834,1.0
SOX5,1.0,668,42.599741849849316,42.59974184984932,0.0024729909352054634,0.002472990935205464,0.9999999999999998
PKNOX1,1.0,3342,22.682778816189543,22.682778816189543,0.0013167757352948765,0.0013167757352948765,1.0
PHF1,1.0,879,23.25463458016712,23.254634580167135,0.001349972981549235,0.0013499729815492358,0.9999999999999993
PBX4,1.0,932,8.093343162806274,8.093343162806274,0.00046983299447383455,0.00046983299447383455,1.0
PBX2,1.0,1915,47.20107193784838,47.20107193784838,0.0027401063472569593,0.0027401063472569593,1.0
PBX1,1.0,3320,128.87613120107383,128.87613120107383,0.007481489097937642,0.007481489097937642,1.0
PAX8,1.0,2130,43.986763187835024,43.98676318783502,0.0025535099958106946,0.002553509995810694,1.0000000000000002
PAX5,1.0,5460,256.0447928763803,256.04479287638026,0.014863856546869865,0.014863856546869864,1.0000000000000002
OVOL2,1.0,508,31.929782755079334,31.929782755079334,0.001853580793862727,0.001853580793862727,1.0
OLIG1,1.0,368,25.07115640153617,25.07115640153617,0.0014554253106662121,0.0014554253106662121,1.0
NR6A1,1.0,2462,36.62465236854185,36.62465236854185,0.0021261263420725564,0.0021261263420725564,1.0
NR4A3,1.0,913,75.42058298511725,75.42058298511725,0.004378299256073218,0.004378299256073218,1.0
NR3C2,1.0,1879,59.41674567031359,59.41674567031358,0.0034492479780746307,0.0034492479780746303,1.0000000000000002
NR2F6,1.0,6043,99.30543028673281,99.30543028673283,0.005764857209261164,0.005764857209261165,0.9999999999999999
NR2C2,1.0,5556,132.0876808268081,132.0876808268081,0.007667925277302224,0.007667925277302224,1.0
PKNOX2,1.0,1512,53.081250883902655,53.081250883902655,0.0030814612146698394,0.0030814612146698394,1.0
NR2C1,1.0,3839,110.26175557649877,110.26175557649877,0.006400891418582304,0.006400891418582304,1.0
NR1H2,1.0,1916,52.8542865408948,52.8542865408948,0.003068285530064716,0.003068285530064716,1.0
NR1D2,1.0,2156,57.107922483372185,57.107922483372185,0.003315216677311749,0.003315216677311749,1.0
NR1D1,1.0,4449,141.49621367638682,141.49621367638682,0.008214107377010728,0.008214107377010728,1.0
NFYA,1.0,2141,31.25645626562452,31.256456265624514,0.001814492991154332,0.0018144929911543316,1.0000000000000002
NFKB1,1.0,5710,171.54747005376635,171.54747005376632,0.009958636366757596,0.009958636366757595,1.0000000000000002
NFIX,1.0,3995,339.56475285205767,339.56475285205784,0.019712339071871456,0.019712339071871463,0.9999999999999994
NFIL3,1.0,2043,114.21750673060366,114.21750673060366,0.006630529822977108,0.006630529822977108,1.0
NFIB,1.0,3789,142.34709589598646,142.34709589598646,0.008263502606292028,0.008263502606292028,1.0
NFIA,1.0,4819,372.00561802186854,372.0056180218685,0.02159558911075517,0.021595589110755167,1.0000000000000002
NFE2L2,1.0,3103,87.623969900735,87.623969900735,0.005086727615275456,0.005086727615275456,1.0
NFE2L1,1.0,4004,56.098862197522095,56.09886219752211,0.0032566389293812894,0.0032566389293812903,0.9999999999999998
NFE2,1.0,4673,115.79100659174107,115.79100659174101,0.0067218742941914005,0.006721874294191397,1.0000000000000004
NFATC2,1.0,2683,83.0877333980562,83.0877333980562,0.004823391001860919,0.004823391001860919,1.0
NFAT5,1.0,911,17.00962946784499,17.00962946784499,0.0009874393049950651,0.0009874393049950651,1.0
NR1I3,1.0,3639,85.21536422023742,85.21536422023742,0.004946903762930304,0.004946903762930304,1.0
PLAG1,1.0,4916,122.29289229325713,122.29289229325713,0.007099320346758221,0.007099320346758221,1.0
PLAGL1,1.0,4094,197.1796119295704,197.17961192957037,0.0114466278839876,0.0114466278839876,1.0000000000000002
PLAGL2,1.0,3428,107.14959822292181,107.14959822292182,0.00622022513775234,0.006220225137752341,0.9999999999999999
SOX13,1.0,857,19.85440528316683,19.85440528316683,0.0011525836110046924,0.0011525836110046924,1.0
SOX12,1.0,938,43.581898711845454,43.581898711845454,0.0025300068914341956,0.0025300068914341956,1.0
SOHLH2,1.0,1640,52.79821475652588,52.79821475652588,0.003065030463051543,0.003065030463051543,1.0
SNAI3,1.0,1830,51.68742484889489,51.68742484889489,0.0030005471292752174,0.0030005471292752174,1.0
SMAD4,1.0,3714,153.67289375545337,153.67289375545337,0.008920985356754521,0.008920985356754521,1.0
RXRB,1.0,4445,46.04911475838909,46.049114758389095,0.002673233179983112,0.0026732331799831123,0.9999999999999999
RUNX2,1.0,5717,169.9183393873141,169.91833938731415,0.009864062428150128,0.00986406242815013,0.9999999999999997
RREB1,1.0,6560,47.475909222653975,47.475909222653975,0.002756061141452106,0.002756061141452106,1.0
RORB,1.0,2219,15.878702769581889,15.878702769581889,0.0009217869946349639,0.0009217869946349639,1.0
RORA,1.0,3506,169.68072590143342,169.6807259014334,0.009850268541822443,0.009850268541822442,1.0000000000000002
RFX8,1.0,1353,31.07419125627396,31.07419125627396,0.001803912182530707,0.001803912182530707,1.0
RFX7,1.0,1487,43.74545620950927,43.74545620950926,0.00253950169566407,0.0025395016956640693,1.0000000000000002
RFX5,1.0,4672,73.94378997661038,73.94378997661039,0.004292568790004086,0.0042925687900040865,0.9999999999999998
RFX3,1.0,1796,42.63594566481144,42.63594566481144,0.002475092631186081,0.002475092631186081,1.0
RFX2,1.0,3684,98.19110338626585,98.19110338626585,0.0057001685467471174,0.0057001685467471174,1.0
RFX1,1.0,5639,73.31592089861803,73.31592089861803,0.004256119871044818,0.004256119871044818,1.0
REST,1.0,5083,70.90974495115182,70.90974495115184,0.004116437069032383,0.004116437069032384,0.9999999999999998
POU2F1,1.0,3392,66.43488934617568,66.43488934617571,0.0038566637261218902,0.003856663726121892,0.9999999999999996
POU2F2,1.0,3426,88.96688869398527,88.96688869398521,0.005164686444559693,0.005164686444559689,1.0000000000000007
POU5F1,1.0,3867,50.04343013364905,50.04343013364905,0.002905110306144726,0.002905110306144726,1.0
POU6F1,1.0,3074,65.17747140527322,65.17747140527322,0.003783668373695183,0.003783668373695183,1.0
POU6F2,1.0,1341,12.299267711283374,12.299267711283374,0.0007139944102683951,0.0007139944102683951,1.0
PPARA,1.0,2697,153.56710438048182,153.56710438048182,0.008914844095000686,0.008914844095000686,1.0
NAIF1,1.0,263,6.115060393172772,6.115060393172772,0.0003549901540214079,0.0003549901540214079,1.0
PPARG,1.0,4900,229.74217837934395,229.74217837934395,0.013336942899067918,0.013336942899067918,1.0
PRDM5,1.0,5343,153.36097124323175,153.36097124323177,0.008902877699014962,0.008902877699014964,0.9999999999999998
RARB,1.0,3844,66.00991806618632,66.00991806618633,0.003831993385939064,0.0038319933859390647,0.9999999999999998
RBAK,1.0,6132,59.50614459015942,59.50614459015942,0.0034544377446975166,0.0034544377446975166,1.0
RBPJ,1.0,4505,227.0177867431024,227.0177867431024,0.013178787109201347,0.013178787109201347,1.0
REL,1.0,3934,203.32420559429016,203.32420559429016,0.011803332497056203,0.011803332497056203,1.0
RELB,1.0,3461,122.3359725097959,122.33597250979591,0.007101821230105416,0.007101821230105417,0.9999999999999999
PRDM1,1.0,5832,83.53239070988077,83.53239070988073,0.004849204151276023,0.0048492041512760205,1.0000000000000004
ZSCAN9,1.0,1937,40.32153824364114,40.32153824364114,0.0023407371556740477,0.0023407371556740477,1.0
